id,name,area,salary,experience,description,key_skills,alternate_url
52118211,Senior backend developer (Node.js),Москва,350000,Нет опыта,"<p>Нашему Партнёру, создателям мобильного приложения для обмена полезными связями и контактами, в связи с ростом команды требуется:<br /><br /><em><strong>Senior backend developer (Node.js)</strong></em></p> <p><strong>Цель проекта:</strong> Мы хотим улучшить продуктивность людей, повысить качество потребляемых товаров и услуг. Цель масштабна и амбициозна, но у нас есть план, решимость, вера и ресурсы для ее достижения.</p> <p>Сейчас мы работаем над тем, чтобы повысить качество потребляемых товаров и услуг. Наше решение поможет людям выбирать проверенные товары и услуги, не сомневаясь в качестве. А бизнесу и специалистам фокусироваться на повышении качества своей продукции, что будет одним из основных драйверов привлечения новых клиентов, позволяя экономить на рекламных бюджетах.</p> <p>И это один из первых шагов в экосистеме сервисов и продуктов, для создания которых мы ищем таланты.</p> <p><strong>Что нужно делать:</strong></p> <ul> <li>Проектировать архитектуру под потребности бизнеса</li> <li>Разработка сервиса и написание новых микросервисов</li> <li>Писать тесты для повышения качества продукта (TDD/BDD)</li> </ul> <p><strong>Что мы от Вас ждём:</strong></p> <ul> <li>Опыт разработки на node.js и TypeScript</li> <li>Опыт работы с PostgreSQL</li> <li>Хорошо знаком и практикуешь подход TDD</li> <li>Опыт в выпуска больших нагруженных продуктов</li> <li>Опыт в найме и формировании компетенций команды</li> </ul> <p><br /><strong>Наши преимущества:</strong></p> <ul> <li>Основатель наравне со всеми погружен и участвует в разработке продукта и жизни команды;</li> <li>Возможность влиять на продуктовую часть;</li> <li>Возможность поучаствовать с командой в будущих опционах и сорвать куш ;</li> <li>При достижении значимых командных результатов поощрительные корпоративные выезды в 1-2 месяца на Бали / Тайланд;</li> <li>Комфортный удаленный формат работы.</li> </ul>","PostgreSQL, TDD, BDD, Socket.io, Node.js",https://hh.ru/vacancy/52118211
52118210,Senior backend developer (Node.js),Санкт-Петербург,350000,Нет опыта,"<p>Нашему Партнёру, создателям мобильного приложения для обмена полезными связями и контактами, в связи с ростом команды требуется:<br /><br /><em><strong>Senior backend developer (Node.js)</strong></em></p> <p><strong>Цель проекта:</strong> Мы хотим улучшить продуктивность людей, повысить качество потребляемых товаров и услуг. Цель масштабна и амбициозна, но у нас есть план, решимость, вера и ресурсы для ее достижения.</p> <p>Сейчас мы работаем над тем, чтобы повысить качество потребляемых товаров и услуг. Наше решение поможет людям выбирать проверенные товары и услуги, не сомневаясь в качестве. А бизнесу и специалистам фокусироваться на повышении качества своей продукции, что будет одним из основных драйверов привлечения новых клиентов, позволяя экономить на рекламных бюджетах.</p> <p>И это один из первых шагов в экосистеме сервисов и продуктов, для создания которых мы ищем таланты.</p> <p><strong>Что нужно делать:</strong></p> <ul> <li>Проектировать архитектуру под потребности бизнеса</li> <li>Разработка сервиса и написание новых микросервисов</li> <li>Писать тесты для повышения качества продукта (TDD/BDD)</li> </ul> <p><strong>Что мы от Вас ждём:</strong></p> <ul> <li>Опыт разработки на node.js и TypeScript</li> <li>Опыт работы с PostgreSQL</li> <li>Хорошо знаком и практикуешь подход TDD</li> <li>Опыт в выпуска больших нагруженных продуктов</li> <li>Опыт в найме и формировании компетенций команды</li> </ul> <p><br /><strong>Наши преимущества:</strong></p> <ul> <li>Основатель наравне со всеми погружен и участвует в разработке продукта и жизни команды;</li> <li>Возможность влиять на продуктовую часть;</li> <li>Возможность поучаствовать с командой в будущих опционах и сорвать куш ;</li> <li>При достижении значимых командных результатов поощрительные корпоративные выезды в 1-2 месяца на Бали / Тайланд;</li> <li>Комфортный удаленный формат работы.</li> </ul>","PostgreSQL, TDD, BDD, Socket.io, Node.js",https://hh.ru/vacancy/52118210
49947753,Бэкенд-разработчик в команду Авито Недвижимости,Москва,285000,Нет опыта,"<p>Наша команда отвечает за то, как люди тратят деньги на Авито. Мы развиваем размещения, тарифы для бизнес-клиентов, услуги продвижения, CPA-инструменты и всё, что связано с платежами. А ещё поддерживаем инфраструктуру для проведения ценовых тестов.<br /><br />Мы бережём здоровье сотрудников, поэтому на время пандемии все команды перешли на работу из дома. Компания предоставляет технику для удалённой работы: ноутбуки, мониторы, модемы. Также мы даём доступ к софту для продуктивного взаимодействия в команде. А ещё компенсируем расходы на питание, чтобы сотрудники меньше скучали по бесплатным обедам в офисе</p> <p><br /><strong>Команда Недвижимость</strong> видит своей долгосрочной целью с помощью технологий сделать жизнь людей на рынке недвижимости проще и безопаснее, чтобы купить квартиру было так же легко, как вызвать такси.</p> <p><strong>Вам предстоит:</strong></p> <p>—разрабатывать высокопроизводительные микросервисы на Go и поддерживать код на PHP;</p> <p>— развивать продукт и работать над новой функциональностью;</p> <p>—сопровождать полный цикл жизни продукта от проработки продуктового решения до деплоя кода на серверы;</p> <p>—участвовать в проработке архитектурных решений;</p> <p>—поддерживать и развивать горизонтальные платформенные сервисы.</p> <p><strong>Мы ждём, что вы:</strong></p> <p>— отлично владеете PHP/Python/Go и готовы развиваться в Go в будущем;</p> <p>— понимаете, как устроен HTTP;</p> <p>— уверенно пишете PostgreSQL и умеете оптимизировать запросы;</p> <p>— понимаете, что такое ООП, и умеете применять на практике основные паттерны;</p> <p>— знакомы с основными алгоритмами, структурами данных и способами защиты информации;</p> <p>— работа с Jira, Confluence, Bitbucket, TeamCity, Sentry, Grafana будет вашим преимуществом.</p> <p><strong>Работа у нас — это:</strong></p> <p>— возможность реализовать свои идеи в проекте с многомиллионной аудиторией;<br />— талантливая команда, готовая поддержать ваши инициативы;<br />— мощное железо, дополнительные мониторы и всё, что нужно для продуктивной работы;<br />— прозрачная система премий, достойная зарплата — размер обсудим на собеседовании;<br />— личный бюджет на обучение, который можно тратить на книги, курсы и конференции;<br />— забота о здоровье: с первого дня у вас будет ДМС со стоматологией, в офисе принимают терапевт и массажист;<br />— замечательный офис в двух минутах от метро «Белорусская»: панорамный вид на центр города, места для уединённой работы и зоны отдыха.</p>","Python, SQL, ООП, Golang, PostgreSQL, Redis, PHP",https://hh.ru/vacancy/49947753
54152457,Руководитель backend,Москва,205000,Нет опыта,"<p>Наша компания занимается проектами по созданию/развитию информационных систем масштаба Москвы.</p> <p>Мы находимся в поисках Lead отдела разработки ( бек Java).</p> <p><strong>Условия:</strong></p> <ul> <li> <p><strong>Конкурентная заработная плата до 250 000 р. (на руки)</strong></p> </li> <li> <p><strong>Ежегодная премия “ 13 заработная плата”</strong></p> </li> <li> <p>Официальное трудоустройство</p> </li> <li> <p>Полностью удаленная работа</p> </li> <li> <p>При желании есть комфортабельный офис в Москве</p> </li> <li> <p>Пересмотр заработной платы 2 раза в год</p> </li> <li> <p>Гарантированный карьерный рост</p> </li> <li> <p>Гарантированный финансовый рост</p> </li> <li> <p>Лояльное начальство</p> </li> </ul> <p><strong>Требования:</strong></p> <ul> <li> <p>Опыт коммерческой разработки на Java не менее 2х лет.</p> </li> <li> <p>Базовые знания Computer Science (алгоритмы, структуры данных)</p> </li> <li> <p>Знание принципов ООП, шаблонов проектирования</p> </li> <li> <p>Разработка решений с помощью Spring, Spring Cloud</p> </li> <li> <p>Знания RESTfull-сервисов;</p> </li> <li> <p>Gradle/Maven</p> </li> </ul> <p><strong>Обязанности:</strong></p> <ul> <li> <p>Распределение задач внутри команды и контроль их исполнения</p> </li> <li> <p>Координация работы команды разработки в рамках проекта;</p> </li> <li> <p>Участие в проектах разработки, развития, модернизации информационных систем в роли Тимлида</p> </li> <li> <p>Анализ и понимание задач</p> </li> <li> <p>Осуществление непрерывного процесса разработки в команде под руководством руководителя проекта</p> </li> <li> <p>Работа с требованиями</p> </li> <li> <p>Участие в оценке мини-проектов, багов</p> </li> <li> <p>Контроль изменения БД и уведомление заинтересованных сторон о необходимости внесения изменений в Visual Paradigm</p> </li> <li> <p>Участие в процессах улучшения качества кода: рефакторинг, код-ревью, разработка регламентов, проведении архитектурного ревью</p> </li> <li> <p>Коммуникация с заказчиком по техническим вопросам</p> </li> <li> <p>Готовность принимать решения и брать на себя ответственность</p> </li> <li> <p>Участие в проработке технических решений в проекте</p> </li> </ul> <ul> <li> <p>Соблюдение регламента проведения работ</p> </li> </ul> <p><em>Для записи на собеседование - оставьте отклик!</em></p>","SQL, Teamleading, Базы данных, Java, Spring",https://hh.ru/vacancy/54152457
52093821,Backend developer,Томск,200000,Нет опыта,"<p><strong>Привет! Мы – международная </strong><strong>IT-компания Crypton Studio</strong> более 5 лет специализирующаяся на blockchain разработке.<br /><br />Локация: Томск (Россия), Рига (Латвия)</p> <p><strong>Сегодня Crypton Studio это:</strong></p> <ul> <li> <p>100+ реализованных проектов различной направленности.</p> </li> <li> <p>80% зарубежных заказчиков.</p> </li> <li> <p>110+ сотрудников в штате.</p> </li> <li> <p>Только профессиональные блокчейн-разработчики.</p> </li> <li> <p>Реализация любых финансовых инструментов на базе блокчейна.</p> </li> </ul> <p><strong>Пожелания к кандидату:</strong></p> <ul> <li> <p>Знание основ сетей.</p> </li> <li> <p>Node.js разработчик.</p> </li> <li> <p>PostgreSQL.</p> </li> <li> <p>Знание TypeScript.</p> </li> </ul> <p><strong>Что предлагаем:</strong></p> <ul> <li> <p>Официальное трудоустройство. Белая заработная плата. гибкие рабочие часы (нам важна выполненная задача, а не работа с 9:00–18:00);</p> </li> <li> <p>удобный офис в центре города;</p> </li> <li> <p>зарплатная вилка коррелирующая с опытом;</p> </li> <li> <p>релокационный пакет для иногородних и иностранцев;</p> </li> <li> <p>опытный наставник на протяжении всего процесса работы;</p> </li> <li> <p>индивидуальный план развития (кадры - наш приоритет);</p> </li> <li> <p>возможность перехода на outstaff. Релокация в Латвию;</p> </li> <li> <p>ресурсы для повышения квалификации (нужная техника и ПО, профессиональная библиотека, отправка на конференции);</p> </li> <li> <p>идеальные условия для саморазвития не выходя из офиса (йога, спорт. зал, курсы английского, творческие курсы).</p> </li> </ul> <p>Если ты амбициозен и заряжен на рост, прирожденный researcher и готов нырнуть во что-то новое, интересное и перспективное - эта вакансия для тебя!</p>","Node.js, PostgreSQL, TypeScript",https://hh.ru/vacancy/52093821
54595868,Backend-developer,Москва,160000,Нет опыта,"<p>Компания работает в сфере производства и продажи инновационных продуктов для здоровья, красоты и спорта.</p> <p>Приходи к нам, есть ты обладаешь следующими навыками:</p> <p>ООП, SOLID, DRY<br />PHP 7.2<br />MySql<br />HTML, CSS, JavaScript, jQuery<br />API (REST, SOAP)<br />Unix системы, bash<br />Опыт работы как минимум с одним из фреймворков (Laravel, Symfony, YII)</p> <p>Английский на уровне чтения технической документации</p> <p>Будет плюсом:</p> <p>Laravel<br />Git<br />Asterisk<br />Redis/Memcache<br />Высшее техническое образование, активность на GitHub, Gitlab и т.д.</p> <p><strong>Условия:</strong></p> <ul> <li>Достойная и привлекательная заработная плата с премиями по результатам работы</li> <li>Индивидуальный карьерный путь нашей квалифицированной и высокомотивированной международной команде</li> <li>Регулярные онлайн и офлайн командные мероприятия</li> <li>Возможность удаленной работы</li> <li>Оплачиваемые дни отпуска и праздничные дни</li> </ul> <p> </p> <p>Отлично, что дочитали до этого места, теперь мы ждем ваш отклик)!<br />Также уровень оплаты оговаривается с каждым соискателем лично на первом интервью.</p> <p>Можно смело писать в телеграмм</p> <p> </p>","MySQL, Английский язык, PHP, Laravel, HTML/CSS, GitHub, SOLID, DRY, Java Script",https://hh.ru/vacancy/54595868
49621682,Middle Backend разработчик (Node.js+ C/C++ (игры),Новосибирск,130000,Нет опыта,"<p><strong>IT Компания Reelmotion games входит в состав международного концерна Adamantis Services LP, одного из ведущих поставщиков программного обеспечения в области азартной игровой индустрии для европейского и американского рынков.</strong></p> <p><strong>Наши преимущества:</strong></p> <ul> <li>Высокий спрос от конечного потребителя. Результат Вашей работы точно не ляжет на пыльную полку.</li> <li>Стабильное гарантированное инвестирование проекта.</li> <li>Активное развитие стека и soft skills в рамках проекта.</li> <li>Активный вертикальный карьерный рост при желании.</li> <li>Уникальность проекта на рынке азартной game индустрии.</li> <li>Уровень дохода в верхней границе по рынку РФ.</li> <li>Индивидуальное курирование карьерного развития каждого сотрудника компании.</li> <li>Релокационный поддерживающий пакет при переезде в СПб из других регионов.</li> <li>Возможность принять участие в уникальном проекте, получившем высокую популярность в азартной game-индустрии.</li> </ul> <p><strong>Чем предстоит заниматься:</strong></p> <ul> <li>Разработка кода backend части игры;</li> <li>Написание тестов;</li> <li>Написание модулей сбора статистических данных.</li> </ul> <strong>Что мы предлагаем:</strong> <ul> <li>Участие в реализации уникального проекта (в мире подобных проектов нет);</li> <li>Релокационный поддерживающий пакет при переезде в СПб из других регионов;</li> <li>Развитие совместно с командой и проектом;</li> <li>Режим работы 5/2 с 9 до 18 часов в офисе;</li> <li>Офисы компании в Приморском районе;</li> <li>Конкурентный и стабильный доход.</li> </ul> <p><strong>Что для нас важно:</strong></p> <ul> <li>Хорошее знание JavaScript;</li> <li>Опыт коммерческой разработки на Node.js;</li> <li>Умение проектировать модульные структуры;</li> <li>Знание основ математики выше школьного уровня;</li> <li>Опыт работы в команде с применением Git.</li> </ul> <p><strong>Плюсами для Вас будут:</strong></p> <ul> <li>Знание английского языка;</li> <li>Опыт работы на С, С++;</li> <li>Понимание теории вероятностей.</li> </ul> <p><em><strong>Для Вас большим преимуществом будут: опыт работы с высоконагруженными сервисами, пунктуальность, ответственность, умение работать на результат, желание развиваться.</strong></em></p> <p><strong>Заинтересовала вакансия? Оставляйте отклик!</strong></p> <p><strong>Мы обязательно свяжемся с Вами!</strong></p> <p> </p>","Git, Node.js, C++, JavaScript, Математическая статистика",https://hh.ru/vacancy/49621682
54147040,Backend Разработчик .Net & T-SQL / SQL Server,Самара,100000,Нет опыта,"<p>Мы - команда VDcom, которая вот уже 24 года успешно автоматизирует, модернизирует, внедряет и поддерживает ПО для крупнейших банков и инвестиционных компаний России и СНГ.</p> <p><strong>Если ты:</strong></p> <ul> <li>Любишь и интересуешься программированием;</li> <li>Готов обучаться;</li> <li>Не стесняешься того, что чего-то не знаешь и готов задавать вопросы;</li> <li>Адекватный, честный и ответственный,</li> </ul> <p>То мы будем рады взять тебя на борт нашей команды!</p> <p><strong>Обязанности:</strong></p> <ul> <li>Писать много сложного кода под MS SQL Server;</li> <li>Писать код под .net core 3, .net framework 4, .net 5.0</li> <li>Развиваться и привносить что-то новое в наш коллектив</li> </ul> <strong>Условия:</strong> <ul> <li>Мы дадим тебе наставника. Его задача - влить в тебя все наши знания, твоя задача - эти знания перенять и усвоить;</li> <li>Нужно будет учить предметную область - теорию финансовых рынков и ценных бумаг (мы поможем);</li> <li>Составляем планы роста и обучения для развития внутри компании.</li> </ul> <p><strong>Почему о нас так мало информации?</strong></p> <p>Каемся, понимаем. Скоро эту оплошность исправим.<br />Дело в том, что мы долгое время не выходили на открытый рынок - это специфика сектора, в котором мы работаем. Клиенты приходят не по поиску через гугл, а сотрудников мы очень долгое время нанимали только из нашей сферы деятельности - то есть, из тех же банков и инвестиционных компаний.</p> <p>Если есть желание узнать о нас - посмотри наши соцсети (тоже только начинаем вести).</p> <p>Если ты сомневаешься – напиши нам. Попробуем разобраться!</p>","Базы данных, MS SQL Server, C#, SQL, .NET Framework, SQL Server, MVC",https://hh.ru/vacancy/54147040
54425248,Backend-разработчик (Django),Санкт-Петербург,75000,Нет опыта,"<p>Приглашаем присоединиться к молодой команде разработчиков, занимающейся созданием веб-порталов и мобильных приложений, которыми уже пользуются более 2 миллионов пользователей по всему миру. Мы ищем талантливых и амбициозных людей, стремящихся решать интересные задачи и постоянно совершенствоваться.</p> <p><strong>Обязанности: </strong></p> <ul> <li>Разработка backend-программного обеспечения для веб-порталов и мобильных приложений на Django</li> <li>Проектирование и реализация баз данных MySQL / PostgreSQL / MongoDB</li> <li>Проектирование и реализация REST API</li> </ul> <strong>Требования:</strong> <ul> <li>Умение работать с фреймоворком Django</li> <li>Умение работать с MySQL / PostgreSQL, REST API, Docker, Docker-compose, Redis</li> <li><strong>Будет плюсом:</strong> опыт работы с Flask</li> </ul> <strong>Условия:</strong> <ul> <li>Гибкий график (согласовывается индивидуально)</li> <li>Решение интересных задач</li> <li>Работа в молодой команде</li> <li>Развитие профессиональных навыков в интересующем Вас направлении</li> <li>Рост заработной платы по мере повышения квалификации</li> </ul>","MySQL, PostgreSQL, Django Framework, Flask",https://hh.ru/vacancy/54425248
50860123,Junior PHP Backend разработчик (Core Team),Москва,70000,Нет опыта,"<p>amoCRM - стабильная и динамично развивающаяся IT-компания, более 10-ти лет на международном рынке, один из лидеров в области разработки системы учёта клиентов. Мы разрабатываем облачную CRM-систему для автоматизации работы отделов продаж и помогаем нашим клиентам вести их бизнес.</p> <p>Мы разрабатываем большую систему, состоящую из множества сервисов, которые находятся под большой нагрузкой (десятки тысяч запросов в секунду). Большинство наших сервисов работает на стеке PHP+MySQL, но в некоторых используются и другие технологии.</p> <p>Мы ищем в московский офис <strong>начинающих backend-разработчиков</strong>, которые хотят раскрыть свой потенциал и быстро развить свои скиллы.</p> <p>В рамках данной вакансии все программисты проходят оплачиваемое обучение сроком 1 месяц, в течение которого разработчики даже без опыта работы смогут значительно прокачать свои профессиональные навыки. При успешном прохождении обучения, вы попадете в одну из продуктовых команд.</p> <p>Мы открыты к сотрудничеству с разработчиками разного уровня. Вы можете ещё учиться в ВУЗ-е - мы готовы рассмотреть кандидатов с гибким графиком (от 30-ти рабочих часов в неделю). Даже если у вас нет коммерческого опыта, но есть свои проекты, вы хотите развиваться и получать новые компетенции - мы обязательно рассмотрим ваше резюме!</p> <p><strong>Что вас ждёт?</strong></p> <ul> <li>Разработка нового функционала и исправление ошибок;</li> <li>Возможность познакомиться и разобраться с большим, высоконагруженным проектом и его архитектурой;</li> <li><strong>Оплачиваемое обучение</strong> в течение 1-го месяца;</li> <li><strong>Возможность гибкого графика</strong>, чтобы совмещать работу с учебой (от 30-ти часов в неделю);</li> <li>Работа в команде профессионалов;</li> <li>Адекватное финансовое вознаграждение;</li> <li>Быстрый рост в компании по мере роста компетенций.</li> </ul> <p>В самом начале вашего пути вы познакомитесь с продуктом и с вашим наставником. Далее в течение месяца обучения вы под присмотром наставника будете выполнять ваши первые задачи.</p> <p>После прохождения обучения вы перейдёте к боевым задачам - сначала к небольшим и несложным. По мере вашего развития задачи будут становиться сложнее и увлекательнее.</p> <p><strong>Требования к кандидату:</strong></p> <ul> <li>Знание PHP (мы используем версии от 7.1 до 8);</li> <li>Знание MySQL;</li> <li>Стремление учиться и развиваться.</li> </ul> <p><strong>Будет преимуществом, если вы:</strong></p> <ul> <li>Знаете основы Git;</li> <li>Уже работали с API различных сервисов/сайтов/систем;</li> <li>Представляете, что такое система очередей и зачем она нужна;</li> <li>Умеете структурно мыслить, а также умеете разбивать задачу на подзадачи.</li> </ul> <p><strong>Условия работы:</strong></p> <ul> <li><strong>Оплачиваемое обучение</strong> в течение 1-го месяца под присмотром наставника;</li> <li><strong>Работа в офисе</strong> в центре Москвы в шаговой доступности от м. Таганская;</li> <li>График 5/2, начало рабочего дня в промежуток с 10 до 11 утра;</li> <li><strong>Возможность гибкого графика</strong>, чтобы совмещать работу с учебой (но не менее 30-ти часов в неделю);</li> <li>Работа над интересным международным проектом в технически сильной команде;</li> <li>Возможность карьерного и профессионального роста;</li> <li>Без бюрократии, без дресс-кода;</li> <li>Бесплатные печенье, чай, кофе;</li> <li>50% компенсация питания в офисе.</li> </ul> <p><strong>Ждём ваше резюме!</strong></p>","Git, MySQL, PHP, ООП, SQL, backend, начало карьеры, Highload",https://hh.ru/vacancy/50860123
48891774,Junior Web-разработчик Backend (Удалённо),Ростов-на-Дону,60000,Нет опыта,"<p><strong>DELTA - это профессиональная и креативная команда специалистов в сфере Digital</strong></p> <p>(входит в TOP-5 Digital-агентств и TOP-3 SEO-компаний по Югу России по версии Рейтинга Рунета).</p> <p><strong>Мы в поиске</strong> <strong>веб-разработчика на интересные проекты.</strong><br />Развитие нашего бизнеса основывается на двух простых и важных факторах - доброе отношение к клиентам и привлечение профессиональных сотрудников.</p> <p>Мы разрабатываем digital-решения для таких крупнейших российских компаний как: заводы ГПЗ-10, ТагМаш и Конорд; компаний Subaru, Шкода, РосМорТранс, ДонШтайн; торговых центров Мебель Град и Талер; интернет провайдер Цифровой диалог и др. (можете ознакомиться на нашем сайте).</p> <p><strong>Наши </strong><strong>компетенции</strong><strong>: </strong>аналитика и стратегия, интернет-маркетинг, разработка web-сайтов и digital-сервисов, автоматизация бизнеса, брендинг и дизайн.</p> <p><strong>Обязанности:</strong></p> <ul> <li>Интеграция веб-проектов с учетными системами;</li> <li>Разработка систем парсинга;</li> <li>Разработка интерактивного функционала для сайтов на стороне бекенда;</li> <li>Поддержка существующего функционала.</li> </ul> <p><strong>Требования:</strong></p> <ul> <li>Уверенные знания PHP и MySQL;</li> <li>Умение обрабатывать структурированную информацию форматов: XML, CSV, JSON и др.</li> </ul> <p><strong>Приветствуется:</strong></p> <ul> <li>Знание одного из PHP-фреймверков;</li> <li>Знание Javascript/jQuery.</li> </ul> <p><strong>Мы предлагаем:</strong></p> <ul> <li>График работы 5/2;</li> <li>Гибридный либо удалённый формат работы;</li> <li>Заработная плата обсуждается индивидуально с успешным кандидатом;</li> <li>Работа в команде профессионалов;</li> <li>Возможность профессионального и карьерного роста;</li> <li>Оформление по ТК РФ.</li> <li>Работа в стабильной компании: В Web с 2003 года. Более 750 проектов за последние 5 лет. Наши клиенты: торговые центры, заводы, автоцентры, IT-компании и др. Основной офис расположен в Ростове-на-Дону. В нём работает более 25 специалистов.</li> </ul>","ООП, HTML, CSS, Ajax, HTTP, MySQL, PHP",https://hh.ru/vacancy/48891774
42636573,Backend-разработчик Kotlin/Java (junior),Барнаул,51500,Нет опыта,"<p><strong>Ключевые особенности</strong></p> <ul> <li>профессиональная разработка бэкэнда корпоративных информационных систем и веб-сервисов на современном стеке технологий</li> <li>возможность обучения, профессионального развития и карьерного роста</li> <li>возможность участвовать в выборе путей дальнейшего развития технологической платформы, вносить предложения и заниматься их реализацией</li> </ul> <p><strong>Требования</strong></p> <ul> <li>понимание принципов ООП, основных структур данных, паттернов проектирования ПО</li> <li>базовые знания протокола HTTP и формата JSON</li> <li>навыки работы с простыми SQL-запросами</li> <li>умение работать с системой контроля версий (git)</li> <li>желание разрабатывать на Kotlin</li> <li>готовность работать в команде и разбираться в чужом коде</li> <li>способность к быстрому обучению и самообучению</li> <li>чтение технической документации на английском языке</li> </ul> <p><strong>Пригодятся</strong></p> <ul> <li>высшее образование по специальности, связанной с IT</li> <li>какой-либо опыт разработки на Kotlin или опыт разработки серверных приложений на Java и Spring Framework (Spring MVC, Spring Security, Spring Data, JPA/Hibernate)</li> <li>опыт работы с системами сборки Gradle либо Maven</li> <li>опыт работы с Docker-контейнерами</li> <li>опыт написания тестов (JUnit, Spring Test, mockito)</li> <li>базовые знания Linux</li> <li>знание форматов XML, XSD</li> <li>опыт работы с СУБД Oracle и/или PostgreSQL, знание SQL и PL/SQL</li> </ul> <p><strong>Условия</strong></p> <ul> <li>официальное трудоустройство согласно ТК РФ</li> <li>белая зарплата, квартальная премия до 60% от оклада по результатам работы</li> <li>возможность обучения, профессионального развития и карьерного роста</li> <li>библиотека актуальной технической литературы</li> <li>график работы с 8:00 до 17:00 или с 9:00 до 18:00 по выбору сотрудника</li> <li>возможность совмещения с учебой в магистратуре и работы на неполный день</li> </ul>","Git, Spring Framework, SQL, Java, XML",https://hh.ru/vacancy/42636573
54619991,Backend-разработчик junior,Томск,50000,Нет опыта,"<p><strong>Кто мы:</strong></p> <p>Привет! Мы - фонд поддержки стартапов «Спутник» и в наш отдел разработки требуется начинающий backend разработчик, которого интересует работа над «живыми» проектами в творческих командах с быстрым профессиональным ростом.</p> <p>Фонд Спутник является профессиональной командой с опытом построения технологических бизнесов. Сферы наших компетенций: искусственный интеллект, машинное обучение, цифровые платформы, геймдев и мобильная разработка. Наш метод работы - это инвестирование как в проекты, так и в людей.</p> <p> </p> <p><strong>Чем тебе предстоит заниматься:</strong></p> <ul> <li>Участие в качестве разработчика клиент-серверного приложения;</li> <li>Расширение функционала программного продукта под индивидуальные<br />требования клиентов;</li> <li>Доработка существующего функционала программного продукта;</li> <li>Работа с чужим кодом.</li> </ul> <p> </p> <p><strong>Что мы ждем от кандидата:</strong></p> <ul> <li>Знание принципов ООП;</li> <li>Знание основы PHP;</li> <li>Знание основы SQL;</li> <li>Знаком с системой контроля версий git;</li> </ul> <p> </p> <p><strong>Плюсом будет:</strong></p> <ul> <li>Опыт работы со сложными структурами БД;</li> <li>Умение писать чистый код;</li> <li>Умение работать в команде;</li> <li>Умение актуализировать свои знания и навыки.</li> </ul> <p> </p> <p><strong>Условия труда:</strong></p> <ul> <li>Оформление по ТК РФ, 100% оплачиваемый отпуск и больничный;</li> <li>Официальная заработная плата два раза в месяц;</li> <li>График 5/2, суббота и воскресенье выходной;</li> <li>Своя кухня с вкусными печеньками, чаем, кофемашиной и кикером.</li> </ul> <p> </p> <p><strong>Внутренняя программа инвестиции в сотрудников</strong></p> <ul> <li>Адаптивная настройка рабочего дня: гибкое начало рабочего дня, возможность работать по совмещенному графику из офиса и удаленно;</li> <li>Квартальное премирование привязанное к эффективности работы;</li> <li>Возможность до 25% рабочего времени тратить на личное профессиональное развитие за счет компании;</li> <li>Индивидуальные планы развития по желанию сотрудников;</li> </ul> <ul> <li>Мгновенное согласование до 300$ в квартал на развитие сотрудников (курсы, конференции, митапы);</li> <li>Обеды за счет компании;</li> <li>Инвестиции в хобби сотрудников;</li> <li>Специалист в штате, который поможет индивидуально спланировать карьеру;</li> <li>Офисные-феи, которые следят, чтобы тебе было комфортно в рабочей среде;</li> <li>Возможность кастомизации рабочего места под собственные потребности;</li> <li>Подарочные мерчендайз-наборы;</li> <li>Тренинги личностного роста по запросу.</li> </ul> <p> </p> <p>Присоединяйся к компании «Спутник» :)</p>","Linux, PHP, Git, ООП, SQL, Работа в команде, Работа с базами данных",https://hh.ru/vacancy/54619991
54145470,Junior backend developer,Томск,50000,Нет опыта,"<p><strong>Кто мы:</strong></p> <p>Привет! Мы - фонд поддержки стартапов «Спутник» и в наш отдел разработки требуется backend разработчик c опытом работы от 6-ти месяцев, которого интересует работа над «живыми» проектами в творческих командах с быстрым профессиональным ростом.</p> <p>Фонд Спутник является профессиональной командой с опытом построения технологических бизнесов. Сферы наших компетенций: искусственный интеллект, машинное обучение, цифровые платформы, геймдев и мобильная разработка. Наш метод работы - это инвестирование как в проекты, так и в людей.</p> <p> </p> <p><strong>Чем тебе предстоит заниматься:</strong></p> <ul> <li>Участие в качестве разработчика клиент-серверного приложения;</li> <li>Расширение функционала программного продукта под индивидуальные<br />требования клиентов;</li> <li>Доработка существующего функционала программного продукта;</li> <li>Работа с чужим кодом.</li> </ul> <p> </p> <p><strong>Что мы ждем от кандидата:</strong></p> <ul> <li>Знание принципов ООП;</li> <li>Знание основы PHP;</li> <li>Знание основы SQL;</li> <li>Знаком с системой контроля версий git;</li> </ul> <p> </p> <p><strong>Плюсом будет:</strong></p> <ul> <li>Опыт работы со сложными структурами БД;</li> <li>Умение писать чистый код;</li> <li>Умение работать в команде;</li> <li>Умение актуализировать свои знания и навыки.</li> </ul> <p> </p> <p><strong>Условия труда:</strong></p> <ul> <li>Оформление по ТК РФ, 100% оплачиваемый отпуск и больничный;</li> <li>Официальная заработная плата два раза в месяц;</li> <li>График 5/2, суббота и воскресенье выходной;</li> <li>Своя кухня с вкусными печеньками, чаем, кофемашиной и кикером.</li> </ul> <p> </p> <p><strong>Внутренняя программа инвестиции в сотрудников</strong></p> <ul> <li>Адаптивная настройка рабочего дня: гибкое начало рабочего дня, возможность работать по совмещенному графику из офиса и удаленно;</li> <li>Квартальное премирование привязанное к эффективности работы;</li> <li>Возможность до 25% рабочего времени тратить на личное профессиональное развитие за счет компании;</li> <li>Индивидуальные планы развития по желанию сотрудников;</li> </ul> <ul> <li>Мгновенное согласование до 300$ в квартал на развитие сотрудников (курсы, конференции, митапы);</li> <li>Обеды за счет компании;</li> <li>Инвестиции в хобби сотрудников;</li> <li>Специалист в штате, который поможет индивидуально спланировать карьеру;</li> <li>Офисные-феи, которые следят, чтобы тебе было комфортно в рабочей среде;</li> <li>Возможность кастомизации рабочего места под собственные потребности;</li> <li>Подарочные мерчендайз-наборы;</li> <li>Тренинги личностного роста по запросу.</li> </ul> <p> </p> <p>Присоединяйся к компании «Спутник» :)</p>","Linux, PHP, Git, ООП, SQL, Работа в команде, Работа с базами данных",https://hh.ru/vacancy/54145470
54156619,Support/Backend manager/Менеджер службы поддержки,Москва,50000,Нет опыта,"<p><strong>NZT GROUP</strong> — это команда энтузиастов, занимающихся разработкой и продвижением собственных IT продуктов с применением искусственного интеллекта в сфере обучающих сервисов в игровой индустрии. Преимущественно мы создаем алгоритмы для карточных онлайн игр, например, для покера, и упаковываем их в продукт для мобильных устройств, доступный каждому.</p> <p>Каждый день мы решаем интересные и неординарные задачи командой сильных математиков, разработчиков и других экспертов. С нами вы погрузитесь в интереснейший мир разработки уникальных цифровых решений.</p> <p>Наш офис с двумя пушистыми четырехлапыми друзьями ждет Вас в 5-и минутах ходьбы от метро Давыдково</p> <strong>Обязанности:</strong> <ul> <li>Поддержка владельцев клубов, агентов и игроков.</li> <li>Создание столов, турниров, передача фишек, учет, отчетность исключительно в приложении</li> </ul> <strong>Требования:</strong> <ul> <li>Грамотная русская речь</li> <li>Знание делового этикета на русском языке</li> </ul> <strong>Что мы предлагаем:</strong> <ul> <li> <p>Обсуждаемый график работы</p> </li> <li> <p>Развитая корпоративная жизнь - играем в покер ;)</p> </li> <li> <p>Кототерапия — в офисе живут два очаровательных котёнка</p> </li> <li> <p>Неформальная обстановка в офисе</p> </li> <li> <p>Оборудованная кухня</p> </li> </ul> <p> </p> <p>Также уровень оплаты оговаривается с каждым соискателем лично на первом интервью.</p>","Покер, Тех. поддержка, Русский язык",https://hh.ru/vacancy/54156619
51465662,Junior - разработчик C# (команда Backend),Пермь,50000,Нет опыта,"<p><strong>Macroscop</strong> ищет талантливого <strong>Junior - разработчика C#</strong>, который будет вместе с командой Бэкэнд развивать сетевое взаимодействие с клиентскими приложениями, совершенствовать процессы хранения и обработки видеоданных, а также отвечать за стабильность и быстродействие сервера видеонаблюдения Macroscop.</p> <p><strong>Что нам нужно сейчас:</strong></p> <ul> <li> <p>знание C#, .NET 5 и выше;</p> </li> <li> <p>высшее/неполное высшее образование</p> </li> <li> <p>ориентация на результат, а не на процесс;</p> </li> <li> <p>готовность работать полный рабочий день или не менее 30 часов в неделю</p> </li> </ul> <p><strong>Будет плюсом, если ты:</strong></p> <ul> <li> <p>имеешь опыт работы с Git, опыт командной разработки (Scrum);</p> </li> <li> <p>имеешь опыт работы с реляционными БД;</p> </li> <li> <p>имеешь опыт написания Unit-тестов;</p> </li> <li> <p>умеешь писать асинхронный/многопоточный код;</p> </li> <li> <p>умеешь проводить и проходить CodeReview (GitLab);</p> </li> <li> <p>знаешь принципы SOLID, MVVM, Inversion of Control.</p> </li> </ul> <p><strong>Теперь расскажем, что тебя ждет в Macroscop:</strong></p> <ul> <li> <p>старт карьеры в международной IT-компании, которая входит в тройку лидеров отрасли, но сохраняет в себе дух стартапа и ежегодно растет, благодаря развитию продукта, отлаженной модели продаж и командной работе над результатом;</p> </li> <li> <p>собственный уникальный продукт, который приносит реальную пользу бизнесу. Ты будешь вносить свой вклад в развитие ПО Macroscop, созданного на острие научно-технического прогресса: нейросети, искусственный интеллект, облачные, мобильные и веб-технологии;</p> </li> <li> <p>колоссальный опыт в крутой команде: наша команда - это молодые талантливые супер-перспективные отличники! Узнал себя? Тогда нам по пути!<br />Многие разработчики тоже пришли в компанию начинающими, часто неопытными специалистами, а сегодня они мощные профессионалы и создают продукт, которым пользуются миллионы людей по всему миру. Работа в такой команде - колоссальный опыт и возможность вырасти в сильного востребованного специалиста.</p> </li> </ul> <p><strong>Некоторые важные моменты, которые всегда несправедливо пишут в конце:</strong></p> <ul> <li> <p>официальное оформление, все “белое”, работаем 5 дней в неделю с 8 до 17;</p> </li> <li> <p>релакс-зона с теннисом, книгами и фитнес-оборудованием, где можно отдохнуть и переключиться во время рабочего дня;</p> </li> <li> <p>бесплатные тренировки по футболу, растяжка, танцы по вечерам;</p> </li> <li> <p>программы софинансирования обучения и фитнеса;</p> </li> <li> <p>корпоративный английский по вечерам;</p> </li> <li> <p>скидки на массаж, питание;</p> </li> <li> <p>классные корпоративы.</p> </li> </ul>","C#, Git, .NET Framework, .Net Core",https://hh.ru/vacancy/51465662
54319351,Junior Backend Software developer,Ростов-на-Дону,48000,Нет опыта,"<p>Required work experience: not required</p> <p>Full time, full day</p> <p>We are looking for several programmers-developers for the position of juniors. You may not yet have actual experience in commercial development, or, conversely, have some experience behind you, but the main thing is to have a good base, be ready to learn and quickly learn something new. We, in turn, are ready to spend our time on your training, pay for your additional training courses and, as you gain experience, index your salary so that you are happy to remain a member of our team for many years - we play for a long time and want to work even on The most difficult tasks brought pleasure.</p> <p><strong>Your responsibilities will include:</strong></p> <ul> <li> <p>Participation in the development of software products and services for our customers</p> </li> <li> <p>Writing and reworking existing software utilities</p> </li> <li> <p>Creation of clean code with the necessary documentation</p> </li> </ul> <p><strong>What are your prospects:</strong></p> <p>As you gain experience, you will be able to specialize in one of the following areas, with at least twice the level of compensation:</p> <ul> <li> <p>Middle Backend Developer</p> </li> </ul> <p><strong>We offer:</strong></p> <ul> <li> <p>Office in the center of Rostov-on-Don, 12th floor, overlooking the river.</p> </li> <li> <p>Ability to work remotely</p> </li> <li> <p>Flexible schedule</p> </li> <li> <p>Participation in projects using advanced technologies aimed at improving the environmental situation.</p> </li> <li> <p>бонус по результатам работы компании</p> </li> <li> <p>Four weeks vacation per year</p> </li> <li> <p>Opportunity to progress rapidly within our organization.</p> </li> </ul> <p><strong>We want you to:</strong></p> <ul> <li> <p>Had good analytical skills and were ready to solve complex problems</p> </li> <li> <p>Have a good command of C# as a base language and are ready to put it into practice</p> </li> <li> <p>Had a great understanding of OOP and design patterns</p> </li> <li> <p>Aimed to automate everything that needs to be done more than once</p> </li> </ul> <p><strong>Not required, but would be a nice plus:</strong></p> <ul> <li> <p>Knowledge of .Net Core</p> </li> <li> <p>Knowledge of C/C++</p> </li> <li> <p>Knowledge of Dart, Go, Javascript, Kotlin, R or other scripting languages</p> </li> <li> <p>Knowledge of HTML/CSS/XML/JSON/REST principles</p> </li> <li> <p>Knowledge of English at a level sufficient to communicate on technical topics (B1 or higher)</p> </li> </ul>","C/C++, ООП, Design Patterns, Численные методы, Программирование, Разработка ПО",https://hh.ru/vacancy/54319351
54744781,Начинающий бэкенд-программист,Барнаул,45000,Нет опыта,"<p><strong>О нас:</strong></p> <p><strong>Мы — Pyrobyte, </strong>веб-студия, занимаемся разработкой стартапов, сервисов и мобильных приложений. Ведём разработку от идеи до запуска. Чётко отлаженные процессы, актуальные технологии и современные инструменты разработки позволяют нам создавать по-настоящему крутые проекты.</p> <p><strong>И ты можешь стать частью нашей команды.</strong></p> <p>Ищем начинающих бэкенд-разработчиков для обучения и совместной командной работы. На момент обучения платим ЗП.</p> <p>Работаем со стеком: PHP, Laravel, MySQL/Postgres, Redis, Git, Composer, Docker, CI/CD, nodejs и т.д.</p> <p>Составляем программу обучения, даем теоретические и практические задачи, выделяем старшего разработчика для помощи в работе, подключаем на рабочий проект, проводим кодревью.</p> <p><strong>Мы ждём от тебя: </strong></p> <p>— Наличие базовых знаний в программировании.<br />— Желание развиваться.</p> <p><strong>Будет твоим плюсом:</strong><br />— Опыт программирования на PHP.<br />— Знание одной из бд: MySQL, MSSQL, Redis, Postgres.<br />— ООП, шаблоны проектирования, MVC, принципы и методологии разработки.<br />— Работа с любым из бэкендовых фреймворков: Laravel, Yii, Symfony и др.<br />— Git и командная разработка.</p> <p><strong>С нашей стороны: </strong><br /><br />— Стабильный рост зп и бонусы.<br />— Официальное трудоустройство, соцпакет.<br />— Работа с крупными интересными проектами.<br />— Всесторонняя помощь в стремлении к развитию как настоящего профессионала.<br />— 40-часовая рабочая неделя, гибкий график начала рабочего дня — с 8 до 10 утра.<br />— Возможность частичной удаленной работы.<br />— Бесплатное обучение английскому языку.<br />— Возможность развития до техлида, архитектора, специалиста по безопасности, хайлоад и другие направления.<br />— Работа в команде с опытными разработчиками.<br />— Молодой дружный коллектив.<br />— Чай, кофемашина, печеньки, фрукты, лимонад в офисе.<br />— Удобное рабочее место с возможностью апгрейда. Хочешь работать на своем ноутбуке — без проблем!<br />— Коллективные игрушки PS4 в перерывах, настольный хоккей.</p> <p>Размер оклада по результатам собеседования.<br /><strong>Необходимо выполнение тестового задания.</strong></p>","Git, PHP, ООП, Веб-программирование, Аналитическое мышление, Желание прокачиваться, Умение работать в команде",https://hh.ru/vacancy/54744781
54538014,Бэкенд-разработчик (стажер),Кемерово,40000,Нет опыта,"<p>Работа в Институте цифры в современном офисе с 5-ти дневным графиком работы с 8-30 до 17-00.</p> <p>Чем мы занимаемся в <strong>Институте цифры</strong>:</p> <ul> <li>Аэросъемка и лазерное сканирование, фотограмметрия, семантическая сегментация и анализ данных аэросъемки и лазерного сканирования;</li> <li>Проведение комплексных изыскательных работ (топографическая съемка, геодезические работы);</li> <li>Web-разработка (наша специализация - это создание высоконагруженных многопользовательских геоинформационных систем).</li> </ul> <p><strong>Обязанности:</strong> Разработка и поддержка сайтов, построенных вокруг на геопространственных данных (интерактивные карты, данные с геопривязкой и т.п.).</p> <p><strong>Требования:</strong></p> <ul> <li>Знание одного из языков бэкенд-разработки: PHP, python, golang;</li> <li>Умение работать с Git;</li> <li>Умение работать с менеджером зависимостей вашего языка (composer, pip и т.п.);</li> <li>Знание SQL;</li> <li>Знание основ фронтенд-технологий: HTML, CSS, JavaScript;</li> <li>Умение обращаться linux-серверами (bash, ssh, nginx).</li> </ul> <p><strong>Будет плюсом:</strong></p> <ul> <li>Знание инструментария DevOps (docker, инструменты CI/CD)</li> </ul>","PHP, Python, golang, Git, SQL, HTML, CSS, JavaScript, Nginx, Docker",https://hh.ru/vacancy/54538014
54621389,Backend-разработчик junior (PHP),Иваново (Ивановская область),40000,Нет опыта,"<p><strong><em>Ищем начинающего backend- разработчика для развития интернет-магазина kenguru.ru и микросервисов, связанных с ним</em></strong></p> <p>Большой плюс работы у нас – работа над одним продуктом. В отличии от сервисной разработки у нас нет большого количества сайтов от разных заказчиков, задач которые нужно сделать быстрее (иногда в ущерб их качеству). Конечно, у нас есть требования к срокам выполнения задач, но качество вашей работы всегда будет стоять выше скорости ее выполнения.</p> <p>Вас ждет работа в сплоченном коллективе коллег-единомышленников, где опытные коллеги являются наставниками и менторами для новых сотрудников. Важно, что вы не будете единственным backend-разработчиком в команде: вам помогут вникнуть в продукт и всегда подскажут, если будут вопросы.</p> <p>Мы следим за современными трендами и используем современный стек технологий. В описании требований указан не весь стек, с которым вы будете работать. Подробнее расскажем на собеседовании.</p> <p><strong>Обязательные требования:</strong></p> <ul> <li>Знание основ PHP</li> <li>Умение работать с MySQL на уровне select-запросов</li> <li>Знание основных правил ООП</li> </ul> <p><strong>Желательные навыки:</strong></p> <ul> <li>Умение работать с Git</li> </ul> <p><strong>Что мы предлагаем:</strong></p> <ul> <li>Работа над одним продуктом</li> <li>Помощь более опытных коллег</li> <li>Работа с современным стеком технологий</li> <li>Работа в уютном офисе</li> <li>Оформление по ТК РФ</li> <li>Оплачиваемый ежегодный отпуск и оплата больничного листа</li> </ul>","MySQL, PHP, Git, ООП, PHP5, Backend",https://hh.ru/vacancy/54621389
54313894,Cтажер-разработчик C# (fullstack / back-end),Москва,35000,Нет опыта,"<p><strong>Mindbox</strong> — крупнейшая в России облачная платформа автоматизации маркетинга. Помогаем компаниям — от ДоДо Пиццы и Ситилинка до ПИК и МИФ делать полезный персональный маркетинг. Без спама.</p> <p>Ищем будущих коллег с желанием быстро обучиться до уровня Junior, перейти в штат и начать приносить пользу команде.</p> <p><strong>Предлагаем</strong></p> <ul> <li>Реальные задачи для внутренних продуктов компании, на которых можно безопасно учиться</li> <li>Удалёнку с регулярными статусными встречами в Zoom</li> <li>Менторство с персональным планом обучения и ревью кода</li> <li>Безлимитную библиотеку</li> <li>Оформленную учебную\производственную практику</li> <li>Работу над настоящим продуктом в кросс-функциональной команде</li> <li>Возможность за 3-4 месяца вырасти до штатного сотрудника и получить доступ ко всем плюшкам</li> </ul> <p><strong>Ожидаем</strong></p> <ul> <li>Базовое знание .NET веб-стека (.NET Core, SQL, TS + React): пет-проекты или курсовые работы</li> <li>Способность составлять алгоритмы и дебажить их в голове</li> <li>Умение писать поддерживаемый код с тестами</li> <li>Адекватная реакция на критику, умение докапываться до сути вопроса, переживать несколько итераций ревью до полного понимания и устранения пробелов в знаниях</li> <li>Готовность уделять нам <strong>20 часов</strong> в неделю</li> <li>Собственная рабочая машина, которая тянет Visual Studio или Rider. С выдающимися кандидатами готовы обсудить покупку ноутбука на время стажировки</li> <li>Готовность выйти в офис на полный день в случае успеха</li> </ul> <p><strong>Ключевые результаты</strong></p> <ul> <li>Первый месяц <ul> <li>освоить командную работе (git, code convetions, митинги)</li> <li>разобраться в домене проекта, понимать как связаны основные сущности</li> <li>сделать первый полезный пулл-реквест</li> </ul> </li> <li>Второй месяц <ul> <li>взять на себя ответственность за фичу/дежурство/итерацию (1 из 3)</li> </ul> </li> <li>Третий+ месяц <ul> <li>показать положительную динамику по результатам фидбека от менторов</li> <li>одна фича доведена от сбора требований до продакшена</li> </ul> </li> </ul> <p><em>Посмотрите видеоинтервью наших сотрудников: бывалых и новичков, уволившихся и уволенных. Надеемся, они помогут понять, подойдем ли мы вам, и сделать взвешенный выбор. В разделе «О работе» на сайте Mindbox: </em><em>https://mindbox.ru/culture/</em></p> <p> </p> <ul> </ul>","C#, ООП, React, SQL, .NET Core, ASP.NET Core",https://hh.ru/vacancy/54313894
54121038,"Back-end разработчик - стажер, удалённо (php, Java/Kotlin)",Санкт-Петербург,22500,Нет опыта,"<p>Открываем набор на обучение и стажировку back-end разработчиков. Начало работы на PHP и Bitrix Framework, в дальнейшем по мере успехов возможно обучение и переход на Java/Kotlin.</p> <p>Требования:</p> <ul> <li>Начальные знания php, js, jq, html;</li> <li>Целеустремлённость, стрессоустойчивость, коммуникабельность;</li> <li>Преимуществом будет профильное образование в техническом ВУЗе. Рассматриваем и выпускников,также студентов.</li> </ul> <p>Обязанности:</p> <ul> <li>Разработка сайтов на Bitrix framework (php);</li> <li>Вывод и настройка компонентов Битрикс;</li> <li>Изучение методов Битрикс;</li> <li>Изучение ядра D7 Битрикс;</li> <li>Плавный переход в течение года на Java/Kotlin для серверной или android-разработки;</li> </ul> <p><br />Условия:</p> <ul> <li>График работы гибкий (рабочее время обсуждается) 45 часов в неделю;</li> <li>Возможно совмещать с обучением в ВУЗе.</li> <li>Оклад 15 000 рублей - стажировка длится 2-3 месяца, далее перевод на оклад 30.000;</li> <li>Гибкий график начала дня;</li> <li>У нас практикуется настравничество;</li> <li>Наличие базовых учебных материалов;</li> <li>Участие в реальных интересных проектах;</li> </ul>","1С-Битрикс, JavaScript, PHP, HTML",https://hh.ru/vacancy/54121038
43796626,Стажер Backend Developer,Тюмень,22500,Нет опыта,"<p>Мы – компания IQ Dev, аутсорс web-продакшн, специализирующийся на разработке для e-commerce, retail, fintech и других отраслей. Ищем активных людей, которые хотят научиться бэкенд-разработке или усилить уже имеющиеся базовые знания и получить практические навыки.</p> <p>Наш кандидат – это студент последних курсов ВУЗа в том числе или начинающий специалист back-end разработки, осваивающий следующий стек технологий:<br />- PHP (и его фреймворки);<br />- SQL.</p> <p><strong>Вам подходит эта стажировка, если:</strong><br />- вам интересна разработка;<br />- вы уже что-то кодили и что-то знаете;<br />- вы немного работали с PHP или с другим ООП-ориентированным языком программирования (C++, C#, Java);<br />- вы пробовали верстать или даже знаете, что такое html+css+js;<br />- вы знаете ООП;<br />- слышали или работали с фреймворками PHP.</p> <p><strong>Как будет проходить стажировка: </strong><br />- вы проходите программу обучения с наставником;<br />- в процессе обучения, вы работаете с учебным проектом;<br />- после успешного завершения обучения, вы становитесь Junior-разработчиком и начинаете работать с боевыми задачами.</p> <p><strong>Условия стажировки:</strong><br />- курс стажировки рассчитан на 2-3 месяца при работе 5/2;<br />- гибкий старт рабочего дня;<br />- официальное трудоустройство с первых дней стажировки;<br />- стипендия от 15000 рублей;<br />- личный наставник;<br />- возможность перенимать опыт у сильных разработчиков;<br />- постоянное развитие в компании, возможность вырасти до уровня Senior;<br />- работа только в Тюмени, в офисе.</p> <p><strong>Ваш профит после стажировки: </strong><br />- изучите азы верстки;<br />- выучите язык PHP до уровня Junior/Junior+;<br />- познакомитесь с фреймворками;<br />- получите свой первый боевой проект;<br />- через год есть высокая возможность вырасти до уверенного MIddle.</p> <p><em>Если вы ознакомились с вакансией и хотите работать у нас, оставьте свой отклик. Мы обязательно с вами свяжемся и расскажем о следующих этапах взаимодействия. </em></p> <p> </p>","MySQL, ООП, PHP, HTML",https://hh.ru/vacancy/43796626
